img_left,img_right,img_correct,img_wrong
19-caramello.png,30-spaghetti_hoops.png,19-caramello.png,30-spaghetti_hoops.png
1-smarties_cookies.png,21-nakd_banana_crunch.png,1-smarties_cookies.png,21-nakd_banana_crunch.png
51-mars.png,27-hartleys_raspberries_jelly.png,51-mars.png,27-hartleys_raspberries_jelly.png
5-pineapple.png,40-sardines.png,5-pineapple.png,40-sardines.png
21-nakd_banana_crunch.png,1-smarties_cookies.png,1-smarties_cookies.png,21-nakd_banana_crunch.png
49-yorkie.png,35-sultanas.png,49-yorkie.png,35-sultanas.png
8-liquorice_catherine_wheels.png,17-jacobs_mini_cheddars.png,17-jacobs_mini_cheddars.png,8-liquorice_catherine_wheels.png
20-fruit_pastilles.png,2-steamed_puddings.png,20-fruit_pastilles.png,2-steamed_puddings.png
35-sultanas.png,49-yorkie.png,49-yorkie.png,35-sultanas.png
13-mccoys_steak_crisps.png,3-dole_fruit_snack.png,13-mccoys_steak_crisps.png,3-dole_fruit_snack.png
30-spaghetti_hoops.png,19-caramello.png,19-caramello.png,30-spaghetti_hoops.png
4-corn.png,10-bounty.png,4-corn.png,10-bounty.png
31-foxs_golden_biscuits.png,25-kitkat.png,31-foxs_golden_biscuits.png,25-kitkat.png
49-yorkie.png,35-sultanas.png,49-yorkie.png,35-sultanas.png
2-steamed_puddings.png,20-fruit_pastilles.png,20-fruit_pastilles.png,2-steamed_puddings.png
51-mars.png,27-hartleys_raspberries_jelly.png,51-mars.png,27-hartleys_raspberries_jelly.png
6-sour_patch_kids.png,38-maltesers.png,6-sour_patch_kids.png,38-maltesers.png
16-skips_prawn.png,42-mrkipling_lemon_slices.png,42-mrkipling_lemon_slices.png,16-skips_prawn.png
26-walkers_smoky_bacon.png,44-crunch.png,26-walkers_smoky_bacon.png,44-crunch.png
22-daim.png,7-olives.png,7-olives.png,22-daim.png
13-mccoys_steak_crisps.png,3-dole_fruit_snack.png,13-mccoys_steak_crisps.png,3-dole_fruit_snack.png
2-steamed_puddings.png,20-fruit_pastilles.png,20-fruit_pastilles.png,2-steamed_puddings.png
49-yorkie.png,35-sultanas.png,49-yorkie.png,35-sultanas.png
40-sardines.png,5-pineapple.png,5-pineapple.png,40-sardines.png
7-olives.png,22-daim.png,7-olives.png,22-daim.png
33-ambrosia_rice.png,23-crunchie.png,33-ambrosia_rice.png,23-crunchie.png
13-mccoys_steak_crisps.png,3-dole_fruit_snack.png,13-mccoys_steak_crisps.png,3-dole_fruit_snack.png
25-kitkat.png,31-foxs_golden_biscuits.png,31-foxs_golden_biscuits.png,25-kitkat.png
35-sultanas.png,49-yorkie.png,49-yorkie.png,35-sultanas.png
17-jacobs_mini_cheddars.png,8-liquorice_catherine_wheels.png,17-jacobs_mini_cheddars.png,8-liquorice_catherine_wheels.png
10-bounty.png,4-corn.png,4-corn.png,10-bounty.png
46-pistachios.png,29-beans.png,46-pistachios.png,29-beans.png
8-liquorice_catherine_wheels.png,17-jacobs_mini_cheddars.png,17-jacobs_mini_cheddars.png,8-liquorice_catherine_wheels.png
31-foxs_golden_biscuits.png,25-kitkat.png,31-foxs_golden_biscuits.png,25-kitkat.png
41-peanuts.png,45-chewy_nougat.png,45-chewy_nougat.png,41-peanuts.png
10-bounty.png,4-corn.png,4-corn.png,10-bounty.png
1-smarties_cookies.png,21-nakd_banana_crunch.png,1-smarties_cookies.png,21-nakd_banana_crunch.png
45-chewy_nougat.png,41-peanuts.png,45-chewy_nougat.png,41-peanuts.png
36-fig_rolls.png,34-hula_hoops_bbq_beef.png,36-fig_rolls.png,34-hula_hoops_bbq_beef.png
26-walkers_smoky_bacon.png,44-crunch.png,26-walkers_smoky_bacon.png,44-crunch.png
19-caramello.png,30-spaghetti_hoops.png,19-caramello.png,30-spaghetti_hoops.png
31-foxs_golden_biscuits.png,25-kitkat.png,31-foxs_golden_biscuits.png,25-kitkat.png
51-mars.png,27-hartleys_raspberries_jelly.png,51-mars.png,27-hartleys_raspberries_jelly.png
3-dole_fruit_snack.png,13-mccoys_steak_crisps.png,13-mccoys_steak_crisps.png,3-dole_fruit_snack.png
21-nakd_banana_crunch.png,1-smarties_cookies.png,1-smarties_cookies.png,21-nakd_banana_crunch.png
18-mms.png,43-mrporky_pork_crackles.png,43-mrporky_pork_crackles.png,18-mms.png
16-skips_prawn.png,42-mrkipling_lemon_slices.png,42-mrkipling_lemon_slices.png,16-skips_prawn.png
26-walkers_smoky_bacon.png,44-crunch.png,26-walkers_smoky_bacon.png,44-crunch.png
19-caramello.png,30-spaghetti_hoops.png,19-caramello.png,30-spaghetti_hoops.png
2-steamed_puddings.png,20-fruit_pastilles.png,20-fruit_pastilles.png,2-steamed_puddings.png
5-pineapple.png,40-sardines.png,5-pineapple.png,40-sardines.png
50-polo.png,48-twix.png,48-twix.png,50-polo.png
17-jacobs_mini_cheddars.png,8-liquorice_catherine_wheels.png,17-jacobs_mini_cheddars.png,8-liquorice_catherine_wheels.png
33-ambrosia_rice.png,23-crunchie.png,33-ambrosia_rice.png,23-crunchie.png
40-sardines.png,5-pineapple.png,5-pineapple.png,40-sardines.png
48-twix.png,50-polo.png,48-twix.png,50-polo.png
20-fruit_pastilles.png,2-steamed_puddings.png,20-fruit_pastilles.png,2-steamed_puddings.png
30-spaghetti_hoops.png,19-caramello.png,19-caramello.png,30-spaghetti_hoops.png
49-yorkie.png,35-sultanas.png,49-yorkie.png,35-sultanas.png
3-dole_fruit_snack.png,13-mccoys_steak_crisps.png,13-mccoys_steak_crisps.png,3-dole_fruit_snack.png
42-mrkipling_lemon_slices.png,16-skips_prawn.png,42-mrkipling_lemon_slices.png,16-skips_prawn.png
38-maltesers.png,6-sour_patch_kids.png,6-sour_patch_kids.png,38-maltesers.png
23-crunchie.png,33-ambrosia_rice.png,33-ambrosia_rice.png,23-crunchie.png
16-skips_prawn.png,42-mrkipling_lemon_slices.png,42-mrkipling_lemon_slices.png,16-skips_prawn.png
13-mccoys_steak_crisps.png,3-dole_fruit_snack.png,13-mccoys_steak_crisps.png,3-dole_fruit_snack.png
33-ambrosia_rice.png,23-crunchie.png,33-ambrosia_rice.png,23-crunchie.png
22-daim.png,7-olives.png,7-olives.png,22-daim.png
45-chewy_nougat.png,41-peanuts.png,45-chewy_nougat.png,41-peanuts.png
29-beans.png,46-pistachios.png,46-pistachios.png,29-beans.png
43-mrporky_pork_crackles.png,18-mms.png,43-mrporky_pork_crackles.png,18-mms.png
46-pistachios.png,29-beans.png,46-pistachios.png,29-beans.png
42-mrkipling_lemon_slices.png,16-skips_prawn.png,42-mrkipling_lemon_slices.png,16-skips_prawn.png
33-ambrosia_rice.png,23-crunchie.png,33-ambrosia_rice.png,23-crunchie.png
30-spaghetti_hoops.png,19-caramello.png,19-caramello.png,30-spaghetti_hoops.png
8-liquorice_catherine_wheels.png,17-jacobs_mini_cheddars.png,17-jacobs_mini_cheddars.png,8-liquorice_catherine_wheels.png
46-pistachios.png,29-beans.png,46-pistachios.png,29-beans.png
48-twix.png,50-polo.png,48-twix.png,50-polo.png
34-hula_hoops_bbq_beef.png,36-fig_rolls.png,36-fig_rolls.png,34-hula_hoops_bbq_beef.png
10-bounty.png,4-corn.png,4-corn.png,10-bounty.png
48-twix.png,50-polo.png,48-twix.png,50-polo.png
18-mms.png,43-mrporky_pork_crackles.png,43-mrporky_pork_crackles.png,18-mms.png
38-maltesers.png,6-sour_patch_kids.png,6-sour_patch_kids.png,38-maltesers.png
42-mrkipling_lemon_slices.png,16-skips_prawn.png,42-mrkipling_lemon_slices.png,16-skips_prawn.png
34-hula_hoops_bbq_beef.png,36-fig_rolls.png,36-fig_rolls.png,34-hula_hoops_bbq_beef.png
44-crunch.png,26-walkers_smoky_bacon.png,26-walkers_smoky_bacon.png,44-crunch.png
2-steamed_puddings.png,20-fruit_pastilles.png,20-fruit_pastilles.png,2-steamed_puddings.png
16-skips_prawn.png,42-mrkipling_lemon_slices.png,42-mrkipling_lemon_slices.png,16-skips_prawn.png
22-daim.png,7-olives.png,7-olives.png,22-daim.png
42-mrkipling_lemon_slices.png,16-skips_prawn.png,42-mrkipling_lemon_slices.png,16-skips_prawn.png
25-kitkat.png,31-foxs_golden_biscuits.png,31-foxs_golden_biscuits.png,25-kitkat.png
6-sour_patch_kids.png,38-maltesers.png,6-sour_patch_kids.png,38-maltesers.png
21-nakd_banana_crunch.png,1-smarties_cookies.png,1-smarties_cookies.png,21-nakd_banana_crunch.png
43-mrporky_pork_crackles.png,18-mms.png,43-mrporky_pork_crackles.png,18-mms.png
46-pistachios.png,29-beans.png,46-pistachios.png,29-beans.png
50-polo.png,48-twix.png,48-twix.png,50-polo.png
36-fig_rolls.png,34-hula_hoops_bbq_beef.png,36-fig_rolls.png,34-hula_hoops_bbq_beef.png
4-corn.png,10-bounty.png,4-corn.png,10-bounty.png
17-jacobs_mini_cheddars.png,8-liquorice_catherine_wheels.png,17-jacobs_mini_cheddars.png,8-liquorice_catherine_wheels.png
44-crunch.png,26-walkers_smoky_bacon.png,26-walkers_smoky_bacon.png,44-crunch.png
25-kitkat.png,31-foxs_golden_biscuits.png,31-foxs_golden_biscuits.png,25-kitkat.png
43-mrporky_pork_crackles.png,18-mms.png,43-mrporky_pork_crackles.png,18-mms.png
7-olives.png,22-daim.png,7-olives.png,22-daim.png
6-sour_patch_kids.png,38-maltesers.png,6-sour_patch_kids.png,38-maltesers.png
34-hula_hoops_bbq_beef.png,36-fig_rolls.png,36-fig_rolls.png,34-hula_hoops_bbq_beef.png
45-chewy_nougat.png,41-peanuts.png,45-chewy_nougat.png,41-peanuts.png
19-caramello.png,30-spaghetti_hoops.png,19-caramello.png,30-spaghetti_hoops.png
38-maltesers.png,6-sour_patch_kids.png,6-sour_patch_kids.png,38-maltesers.png
18-mms.png,43-mrporky_pork_crackles.png,43-mrporky_pork_crackles.png,18-mms.png
35-sultanas.png,49-yorkie.png,49-yorkie.png,35-sultanas.png
45-chewy_nougat.png,41-peanuts.png,45-chewy_nougat.png,41-peanuts.png
29-beans.png,46-pistachios.png,46-pistachios.png,29-beans.png
17-jacobs_mini_cheddars.png,8-liquorice_catherine_wheels.png,17-jacobs_mini_cheddars.png,8-liquorice_catherine_wheels.png
7-olives.png,22-daim.png,7-olives.png,22-daim.png
17-jacobs_mini_cheddars.png,8-liquorice_catherine_wheels.png,17-jacobs_mini_cheddars.png,8-liquorice_catherine_wheels.png
13-mccoys_steak_crisps.png,3-dole_fruit_snack.png,13-mccoys_steak_crisps.png,3-dole_fruit_snack.png
20-fruit_pastilles.png,2-steamed_puddings.png,20-fruit_pastilles.png,2-steamed_puddings.png
34-hula_hoops_bbq_beef.png,36-fig_rolls.png,36-fig_rolls.png,34-hula_hoops_bbq_beef.png
27-hartleys_raspberries_jelly.png,51-mars.png,51-mars.png,27-hartleys_raspberries_jelly.png
5-pineapple.png,40-sardines.png,5-pineapple.png,40-sardines.png
3-dole_fruit_snack.png,13-mccoys_steak_crisps.png,13-mccoys_steak_crisps.png,3-dole_fruit_snack.png
40-sardines.png,5-pineapple.png,5-pineapple.png,40-sardines.png
19-caramello.png,30-spaghetti_hoops.png,19-caramello.png,30-spaghetti_hoops.png
38-maltesers.png,6-sour_patch_kids.png,6-sour_patch_kids.png,38-maltesers.png
40-sardines.png,5-pineapple.png,5-pineapple.png,40-sardines.png
41-peanuts.png,45-chewy_nougat.png,45-chewy_nougat.png,41-peanuts.png
4-corn.png,10-bounty.png,4-corn.png,10-bounty.png
23-crunchie.png,33-ambrosia_rice.png,33-ambrosia_rice.png,23-crunchie.png
41-peanuts.png,45-chewy_nougat.png,45-chewy_nougat.png,41-peanuts.png
46-pistachios.png,29-beans.png,46-pistachios.png,29-beans.png
1-smarties_cookies.png,21-nakd_banana_crunch.png,1-smarties_cookies.png,21-nakd_banana_crunch.png
31-foxs_golden_biscuits.png,25-kitkat.png,31-foxs_golden_biscuits.png,25-kitkat.png
16-skips_prawn.png,42-mrkipling_lemon_slices.png,42-mrkipling_lemon_slices.png,16-skips_prawn.png
41-peanuts.png,45-chewy_nougat.png,45-chewy_nougat.png,41-peanuts.png
5-pineapple.png,40-sardines.png,5-pineapple.png,40-sardines.png
35-sultanas.png,49-yorkie.png,49-yorkie.png,35-sultanas.png
31-foxs_golden_biscuits.png,25-kitkat.png,31-foxs_golden_biscuits.png,25-kitkat.png
44-crunch.png,26-walkers_smoky_bacon.png,26-walkers_smoky_bacon.png,44-crunch.png
50-polo.png,48-twix.png,48-twix.png,50-polo.png
21-nakd_banana_crunch.png,1-smarties_cookies.png,1-smarties_cookies.png,21-nakd_banana_crunch.png
10-bounty.png,4-corn.png,4-corn.png,10-bounty.png
8-liquorice_catherine_wheels.png,17-jacobs_mini_cheddars.png,17-jacobs_mini_cheddars.png,8-liquorice_catherine_wheels.png
18-mms.png,43-mrporky_pork_crackles.png,43-mrporky_pork_crackles.png,18-mms.png
42-mrkipling_lemon_slices.png,16-skips_prawn.png,42-mrkipling_lemon_slices.png,16-skips_prawn.png
8-liquorice_catherine_wheels.png,17-jacobs_mini_cheddars.png,17-jacobs_mini_cheddars.png,8-liquorice_catherine_wheels.png
25-kitkat.png,31-foxs_golden_biscuits.png,31-foxs_golden_biscuits.png,25-kitkat.png
21-nakd_banana_crunch.png,1-smarties_cookies.png,1-smarties_cookies.png,21-nakd_banana_crunch.png
34-hula_hoops_bbq_beef.png,36-fig_rolls.png,36-fig_rolls.png,34-hula_hoops_bbq_beef.png
50-polo.png,48-twix.png,48-twix.png,50-polo.png
43-mrporky_pork_crackles.png,18-mms.png,43-mrporky_pork_crackles.png,18-mms.png
23-crunchie.png,33-ambrosia_rice.png,33-ambrosia_rice.png,23-crunchie.png
6-sour_patch_kids.png,38-maltesers.png,6-sour_patch_kids.png,38-maltesers.png
22-daim.png,7-olives.png,7-olives.png,22-daim.png
49-yorkie.png,35-sultanas.png,49-yorkie.png,35-sultanas.png
51-mars.png,27-hartleys_raspberries_jelly.png,51-mars.png,27-hartleys_raspberries_jelly.png
41-peanuts.png,45-chewy_nougat.png,45-chewy_nougat.png,41-peanuts.png
18-mms.png,43-mrporky_pork_crackles.png,43-mrporky_pork_crackles.png,18-mms.png
27-hartleys_raspberries_jelly.png,51-mars.png,51-mars.png,27-hartleys_raspberries_jelly.png
50-polo.png,48-twix.png,48-twix.png,50-polo.png
27-hartleys_raspberries_jelly.png,51-mars.png,51-mars.png,27-hartleys_raspberries_jelly.png
6-sour_patch_kids.png,38-maltesers.png,6-sour_patch_kids.png,38-maltesers.png
36-fig_rolls.png,34-hula_hoops_bbq_beef.png,36-fig_rolls.png,34-hula_hoops_bbq_beef.png
44-crunch.png,26-walkers_smoky_bacon.png,26-walkers_smoky_bacon.png,44-crunch.png
29-beans.png,46-pistachios.png,46-pistachios.png,29-beans.png
27-hartleys_raspberries_jelly.png,51-mars.png,51-mars.png,27-hartleys_raspberries_jelly.png
1-smarties_cookies.png,21-nakd_banana_crunch.png,1-smarties_cookies.png,21-nakd_banana_crunch.png
48-twix.png,50-polo.png,48-twix.png,50-polo.png
25-kitkat.png,31-foxs_golden_biscuits.png,31-foxs_golden_biscuits.png,25-kitkat.png
51-mars.png,27-hartleys_raspberries_jelly.png,51-mars.png,27-hartleys_raspberries_jelly.png
45-chewy_nougat.png,41-peanuts.png,45-chewy_nougat.png,41-peanuts.png
20-fruit_pastilles.png,2-steamed_puddings.png,20-fruit_pastilles.png,2-steamed_puddings.png
36-fig_rolls.png,34-hula_hoops_bbq_beef.png,36-fig_rolls.png,34-hula_hoops_bbq_beef.png
29-beans.png,46-pistachios.png,46-pistachios.png,29-beans.png
26-walkers_smoky_bacon.png,44-crunch.png,26-walkers_smoky_bacon.png,44-crunch.png
48-twix.png,50-polo.png,48-twix.png,50-polo.png
36-fig_rolls.png,34-hula_hoops_bbq_beef.png,36-fig_rolls.png,34-hula_hoops_bbq_beef.png
23-crunchie.png,33-ambrosia_rice.png,33-ambrosia_rice.png,23-crunchie.png
20-fruit_pastilles.png,2-steamed_puddings.png,20-fruit_pastilles.png,2-steamed_puddings.png
4-corn.png,10-bounty.png,4-corn.png,10-bounty.png
1-smarties_cookies.png,21-nakd_banana_crunch.png,1-smarties_cookies.png,21-nakd_banana_crunch.png
40-sardines.png,5-pineapple.png,5-pineapple.png,40-sardines.png
44-crunch.png,26-walkers_smoky_bacon.png,26-walkers_smoky_bacon.png,44-crunch.png
7-olives.png,22-daim.png,7-olives.png,22-daim.png
43-mrporky_pork_crackles.png,18-mms.png,43-mrporky_pork_crackles.png,18-mms.png
26-walkers_smoky_bacon.png,44-crunch.png,26-walkers_smoky_bacon.png,44-crunch.png
23-crunchie.png,33-ambrosia_rice.png,33-ambrosia_rice.png,23-crunchie.png
10-bounty.png,4-corn.png,4-corn.png,10-bounty.png
3-dole_fruit_snack.png,13-mccoys_steak_crisps.png,13-mccoys_steak_crisps.png,3-dole_fruit_snack.png
35-sultanas.png,49-yorkie.png,49-yorkie.png,35-sultanas.png
2-steamed_puddings.png,20-fruit_pastilles.png,20-fruit_pastilles.png,2-steamed_puddings.png
22-daim.png,7-olives.png,7-olives.png,22-daim.png
4-corn.png,10-bounty.png,4-corn.png,10-bounty.png
5-pineapple.png,40-sardines.png,5-pineapple.png,40-sardines.png
7-olives.png,22-daim.png,7-olives.png,22-daim.png
29-beans.png,46-pistachios.png,46-pistachios.png,29-beans.png
33-ambrosia_rice.png,23-crunchie.png,33-ambrosia_rice.png,23-crunchie.png
30-spaghetti_hoops.png,19-caramello.png,19-caramello.png,30-spaghetti_hoops.png
38-maltesers.png,6-sour_patch_kids.png,6-sour_patch_kids.png,38-maltesers.png
27-hartleys_raspberries_jelly.png,51-mars.png,51-mars.png,27-hartleys_raspberries_jelly.png
30-spaghetti_hoops.png,19-caramello.png,19-caramello.png,30-spaghetti_hoops.png
3-dole_fruit_snack.png,13-mccoys_steak_crisps.png,13-mccoys_steak_crisps.png,3-dole_fruit_snack.png
