img_left,img_right,img_correct,img_wrong
26-walkers_smoky_bacon.png,44-crunch.png,44-crunch.png,26-walkers_smoky_bacon.png
27-hartleys_raspberries_jelly.png,51-mars.png,51-mars.png,27-hartleys_raspberries_jelly.png
46-pistachios.png,29-beans.png,46-pistachios.png,29-beans.png
31-hobnobs.png,25-kitkat.png,31-hobnobs.png,25-kitkat.png
19-caramello_redo.png,30-spaghetti_hoops.png,19-caramello_redo.png,30-spaghetti_hoops.png
33-ambrosia_rice.png,23-crunchie_redo.png,23-crunchie_redo.png,33-ambrosia_rice.png
22-daim.png,7-olives.png,22-daim.png,7-olives.png
33-ambrosia_rice.png,23-crunchie_redo.png,23-crunchie_redo.png,33-ambrosia_rice.png
41-peanuts_redo.png,45-chewy_nougat_redo.png,45-chewy_nougat_redo.png,41-peanuts_redo.png
10-bounty_redo.png,4-corn.png,10-bounty_redo.png,4-corn.png
20-fruit_pastilles.png,2-steamed_puddings.png,2-steamed_puddings.png,20-fruit_pastilles.png
29-beans.png,46-pistachios.png,46-pistachios.png,29-beans.png
3-ellas_strawberries_apples.png,13-mccoys_steak_crisps.png,3-ellas_strawberries_apples.png,13-mccoys_steak_crisps.png
42-mrkipling_lemon_slices.png,16-skips_prawn.png,42-mrkipling_lemon_slices.png,16-skips_prawn.png
49-yorkie.png,35-raisins.png,49-yorkie.png,35-raisins.png
22-daim.png,7-olives.png,22-daim.png,7-olives.png
51-mars.png,27-hartleys_raspberries_jelly.png,51-mars.png,27-hartleys_raspberries_jelly.png
45-chewy_nougat_redo.png,41-peanuts_redo.png,45-chewy_nougat_redo.png,41-peanuts_redo.png
21-nakd_banana_crunch.png,1-treacle_cookies.png,1-treacle_cookies.png,21-nakd_banana_crunch.png
48-twix.png,50-polo.png,48-twix.png,50-polo.png
6-sour_patch_kids.png,38-maltesers.png,38-maltesers.png,6-sour_patch_kids.png
29-beans.png,46-pistachios.png,46-pistachios.png,29-beans.png
4-corn.png,10-bounty_redo.png,10-bounty_redo.png,4-corn.png
44-crunch.png,26-walkers_smoky_bacon.png,44-crunch.png,26-walkers_smoky_bacon.png
5-pineapple.png,40-sardines.png,5-pineapple.png,40-sardines.png
19-caramello_redo.png,30-spaghetti_hoops.png,19-caramello_redo.png,30-spaghetti_hoops.png
27-hartleys_raspberries_jelly.png,51-mars.png,51-mars.png,27-hartleys_raspberries_jelly.png
19-caramello_redo.png,30-spaghetti_hoops.png,19-caramello_redo.png,30-spaghetti_hoops.png
34-hula_hoops_bbq_beef_redo.png,36-fig_rolls.png,36-fig_rolls.png,34-hula_hoops_bbq_beef_redo.png
23-crunchie_redo.png,33-ambrosia_rice.png,23-crunchie_redo.png,33-ambrosia_rice.png
51-mars.png,27-hartleys_raspberries_jelly.png,51-mars.png,27-hartleys_raspberries_jelly.png
45-chewy_nougat_redo.png,41-peanuts_redo.png,45-chewy_nougat_redo.png,41-peanuts_redo.png
49-yorkie.png,35-raisins.png,49-yorkie.png,35-raisins.png
48-twix.png,50-polo.png,48-twix.png,50-polo.png
45-chewy_nougat_redo.png,41-peanuts_redo.png,45-chewy_nougat_redo.png,41-peanuts_redo.png
2-steamed_puddings.png,20-fruit_pastilles.png,2-steamed_puddings.png,20-fruit_pastilles.png
8-liquorice_catherine_wheels.png,17-jacobs_mini_cheddars_redo.png,17-jacobs_mini_cheddars_redo.png,8-liquorice_catherine_wheels.png
7-olives.png,22-daim.png,22-daim.png,7-olives.png
21-nakd_banana_crunch.png,1-treacle_cookies.png,1-treacle_cookies.png,21-nakd_banana_crunch.png
41-peanuts_redo.png,45-chewy_nougat_redo.png,45-chewy_nougat_redo.png,41-peanuts_redo.png
26-walkers_smoky_bacon.png,44-crunch.png,44-crunch.png,26-walkers_smoky_bacon.png
1-treacle_cookies.png,21-nakd_banana_crunch.png,1-treacle_cookies.png,21-nakd_banana_crunch.png
10-bounty_redo.png,4-corn.png,10-bounty_redo.png,4-corn.png
20-fruit_pastilles.png,2-steamed_puddings.png,2-steamed_puddings.png,20-fruit_pastilles.png
48-twix.png,50-polo.png,48-twix.png,50-polo.png
13-mccoys_steak_crisps.png,3-ellas_strawberries_apples.png,3-ellas_strawberries_apples.png,13-mccoys_steak_crisps.png
26-walkers_smoky_bacon.png,44-crunch.png,44-crunch.png,26-walkers_smoky_bacon.png
22-daim.png,7-olives.png,22-daim.png,7-olives.png
38-maltesers.png,6-sour_patch_kids.png,38-maltesers.png,6-sour_patch_kids.png
29-beans.png,46-pistachios.png,46-pistachios.png,29-beans.png
44-crunch.png,26-walkers_smoky_bacon.png,44-crunch.png,26-walkers_smoky_bacon.png
30-spaghetti_hoops.png,19-caramello_redo.png,19-caramello_redo.png,30-spaghetti_hoops.png
36-fig_rolls.png,34-hula_hoops_bbq_beef_redo.png,36-fig_rolls.png,34-hula_hoops_bbq_beef_redo.png
40-sardines.png,5-pineapple.png,5-pineapple.png,40-sardines.png
16-skips_prawn.png,42-mrkipling_lemon_slices.png,42-mrkipling_lemon_slices.png,16-skips_prawn.png
46-pistachios.png,29-beans.png,46-pistachios.png,29-beans.png
34-hula_hoops_bbq_beef_redo.png,36-fig_rolls.png,36-fig_rolls.png,34-hula_hoops_bbq_beef_redo.png
33-ambrosia_rice.png,23-crunchie_redo.png,23-crunchie_redo.png,33-ambrosia_rice.png
51-mars.png,27-hartleys_raspberries_jelly.png,51-mars.png,27-hartleys_raspberries_jelly.png
17-jacobs_mini_cheddars_redo.png,8-liquorice_catherine_wheels.png,17-jacobs_mini_cheddars_redo.png,8-liquorice_catherine_wheels.png
6-sour_patch_kids.png,38-maltesers.png,38-maltesers.png,6-sour_patch_kids.png
13-mccoys_steak_crisps.png,3-ellas_strawberries_apples.png,3-ellas_strawberries_apples.png,13-mccoys_steak_crisps.png
25-kitkat.png,31-hobnobs.png,31-hobnobs.png,25-kitkat.png
48-twix.png,50-polo.png,48-twix.png,50-polo.png
18-mms.png,43-mrporky_pork_crackles_redo.png,18-mms.png,43-mrporky_pork_crackles_redo.png
40-sardines.png,5-pineapple.png,5-pineapple.png,40-sardines.png
50-polo.png,48-twix.png,48-twix.png,50-polo.png
27-hartleys_raspberries_jelly.png,51-mars.png,51-mars.png,27-hartleys_raspberries_jelly.png
1-treacle_cookies.png,21-nakd_banana_crunch.png,1-treacle_cookies.png,21-nakd_banana_crunch.png
42-mrkipling_lemon_slices.png,16-skips_prawn.png,42-mrkipling_lemon_slices.png,16-skips_prawn.png
46-pistachios.png,29-beans.png,46-pistachios.png,29-beans.png
19-caramello_redo.png,30-spaghetti_hoops.png,19-caramello_redo.png,30-spaghetti_hoops.png
27-hartleys_raspberries_jelly.png,51-mars.png,51-mars.png,27-hartleys_raspberries_jelly.png
40-sardines.png,5-pineapple.png,5-pineapple.png,40-sardines.png
26-walkers_smoky_bacon.png,44-crunch.png,44-crunch.png,26-walkers_smoky_bacon.png
10-bounty_redo.png,4-corn.png,10-bounty_redo.png,4-corn.png
46-pistachios.png,29-beans.png,46-pistachios.png,29-beans.png
38-maltesers.png,6-sour_patch_kids.png,38-maltesers.png,6-sour_patch_kids.png
30-spaghetti_hoops.png,19-caramello_redo.png,19-caramello_redo.png,30-spaghetti_hoops.png
41-peanuts_redo.png,45-chewy_nougat_redo.png,45-chewy_nougat_redo.png,41-peanuts_redo.png
42-mrkipling_lemon_slices.png,16-skips_prawn.png,42-mrkipling_lemon_slices.png,16-skips_prawn.png
50-polo.png,48-twix.png,48-twix.png,50-polo.png
16-skips_prawn.png,42-mrkipling_lemon_slices.png,42-mrkipling_lemon_slices.png,16-skips_prawn.png
45-chewy_nougat_redo.png,41-peanuts_redo.png,45-chewy_nougat_redo.png,41-peanuts_redo.png
31-hobnobs.png,25-kitkat.png,31-hobnobs.png,25-kitkat.png
38-maltesers.png,6-sour_patch_kids.png,38-maltesers.png,6-sour_patch_kids.png
10-bounty_redo.png,4-corn.png,10-bounty_redo.png,4-corn.png
16-skips_prawn.png,42-mrkipling_lemon_slices.png,42-mrkipling_lemon_slices.png,16-skips_prawn.png
6-sour_patch_kids.png,38-maltesers.png,38-maltesers.png,6-sour_patch_kids.png
49-yorkie.png,35-raisins.png,49-yorkie.png,35-raisins.png
34-hula_hoops_bbq_beef_redo.png,36-fig_rolls.png,36-fig_rolls.png,34-hula_hoops_bbq_beef_redo.png
17-jacobs_mini_cheddars_redo.png,8-liquorice_catherine_wheels.png,17-jacobs_mini_cheddars_redo.png,8-liquorice_catherine_wheels.png
22-daim.png,7-olives.png,22-daim.png,7-olives.png
16-skips_prawn.png,42-mrkipling_lemon_slices.png,42-mrkipling_lemon_slices.png,16-skips_prawn.png
38-maltesers.png,6-sour_patch_kids.png,38-maltesers.png,6-sour_patch_kids.png
7-olives.png,22-daim.png,22-daim.png,7-olives.png
51-mars.png,27-hartleys_raspberries_jelly.png,51-mars.png,27-hartleys_raspberries_jelly.png
36-fig_rolls.png,34-hula_hoops_bbq_beef_redo.png,36-fig_rolls.png,34-hula_hoops_bbq_beef_redo.png
41-peanuts_redo.png,45-chewy_nougat_redo.png,45-chewy_nougat_redo.png,41-peanuts_redo.png
25-kitkat.png,31-hobnobs.png,31-hobnobs.png,25-kitkat.png
18-mms.png,43-mrporky_pork_crackles_redo.png,18-mms.png,43-mrporky_pork_crackles_redo.png
5-pineapple.png,40-sardines.png,5-pineapple.png,40-sardines.png
17-jacobs_mini_cheddars_redo.png,8-liquorice_catherine_wheels.png,17-jacobs_mini_cheddars_redo.png,8-liquorice_catherine_wheels.png
51-mars.png,27-hartleys_raspberries_jelly.png,51-mars.png,27-hartleys_raspberries_jelly.png
21-nakd_banana_crunch.png,1-treacle_cookies.png,1-treacle_cookies.png,21-nakd_banana_crunch.png
23-crunchie_redo.png,33-ambrosia_rice.png,23-crunchie_redo.png,33-ambrosia_rice.png
31-hobnobs.png,25-kitkat.png,31-hobnobs.png,25-kitkat.png
5-pineapple.png,40-sardines.png,5-pineapple.png,40-sardines.png
13-mccoys_steak_crisps.png,3-ellas_strawberries_apples.png,3-ellas_strawberries_apples.png,13-mccoys_steak_crisps.png
50-polo.png,48-twix.png,48-twix.png,50-polo.png
33-ambrosia_rice.png,23-crunchie_redo.png,23-crunchie_redo.png,33-ambrosia_rice.png
35-raisins.png,49-yorkie.png,49-yorkie.png,35-raisins.png
18-mms.png,43-mrporky_pork_crackles_redo.png,18-mms.png,43-mrporky_pork_crackles_redo.png
5-pineapple.png,40-sardines.png,5-pineapple.png,40-sardines.png
26-walkers_smoky_bacon.png,44-crunch.png,44-crunch.png,26-walkers_smoky_bacon.png
17-jacobs_mini_cheddars_redo.png,8-liquorice_catherine_wheels.png,17-jacobs_mini_cheddars_redo.png,8-liquorice_catherine_wheels.png
10-bounty_redo.png,4-corn.png,10-bounty_redo.png,4-corn.png
6-sour_patch_kids.png,38-maltesers.png,38-maltesers.png,6-sour_patch_kids.png
29-beans.png,46-pistachios.png,46-pistachios.png,29-beans.png
35-raisins.png,49-yorkie.png,49-yorkie.png,35-raisins.png
29-beans.png,46-pistachios.png,46-pistachios.png,29-beans.png
43-mrporky_pork_crackles_redo.png,18-mms.png,18-mms.png,43-mrporky_pork_crackles_redo.png
1-treacle_cookies.png,21-nakd_banana_crunch.png,1-treacle_cookies.png,21-nakd_banana_crunch.png
3-ellas_strawberries_apples.png,13-mccoys_steak_crisps.png,3-ellas_strawberries_apples.png,13-mccoys_steak_crisps.png
50-polo.png,48-twix.png,48-twix.png,50-polo.png
49-yorkie.png,35-raisins.png,49-yorkie.png,35-raisins.png
3-ellas_strawberries_apples.png,13-mccoys_steak_crisps.png,3-ellas_strawberries_apples.png,13-mccoys_steak_crisps.png
7-olives.png,22-daim.png,22-daim.png,7-olives.png
20-fruit_pastilles.png,2-steamed_puddings.png,2-steamed_puddings.png,20-fruit_pastilles.png
43-mrporky_pork_crackles_redo.png,18-mms.png,18-mms.png,43-mrporky_pork_crackles_redo.png
1-treacle_cookies.png,21-nakd_banana_crunch.png,1-treacle_cookies.png,21-nakd_banana_crunch.png
31-hobnobs.png,25-kitkat.png,31-hobnobs.png,25-kitkat.png
23-crunchie_redo.png,33-ambrosia_rice.png,23-crunchie_redo.png,33-ambrosia_rice.png
36-fig_rolls.png,34-hula_hoops_bbq_beef_redo.png,36-fig_rolls.png,34-hula_hoops_bbq_beef_redo.png
27-hartleys_raspberries_jelly.png,51-mars.png,51-mars.png,27-hartleys_raspberries_jelly.png
20-fruit_pastilles.png,2-steamed_puddings.png,2-steamed_puddings.png,20-fruit_pastilles.png
30-spaghetti_hoops.png,19-caramello_redo.png,19-caramello_redo.png,30-spaghetti_hoops.png
44-crunch.png,26-walkers_smoky_bacon.png,44-crunch.png,26-walkers_smoky_bacon.png
16-skips_prawn.png,42-mrkipling_lemon_slices.png,42-mrkipling_lemon_slices.png,16-skips_prawn.png
43-mrporky_pork_crackles_redo.png,18-mms.png,18-mms.png,43-mrporky_pork_crackles_redo.png
25-kitkat.png,31-hobnobs.png,31-hobnobs.png,25-kitkat.png
8-liquorice_catherine_wheels.png,17-jacobs_mini_cheddars_redo.png,17-jacobs_mini_cheddars_redo.png,8-liquorice_catherine_wheels.png
25-kitkat.png,31-hobnobs.png,31-hobnobs.png,25-kitkat.png
13-mccoys_steak_crisps.png,3-ellas_strawberries_apples.png,3-ellas_strawberries_apples.png,13-mccoys_steak_crisps.png
18-mms.png,43-mrporky_pork_crackles_redo.png,18-mms.png,43-mrporky_pork_crackles_redo.png
49-yorkie.png,35-raisins.png,49-yorkie.png,35-raisins.png
40-sardines.png,5-pineapple.png,5-pineapple.png,40-sardines.png
8-liquorice_catherine_wheels.png,17-jacobs_mini_cheddars_redo.png,17-jacobs_mini_cheddars_redo.png,8-liquorice_catherine_wheels.png
43-mrporky_pork_crackles_redo.png,18-mms.png,18-mms.png,43-mrporky_pork_crackles_redo.png
42-mrkipling_lemon_slices.png,16-skips_prawn.png,42-mrkipling_lemon_slices.png,16-skips_prawn.png
33-ambrosia_rice.png,23-crunchie_redo.png,23-crunchie_redo.png,33-ambrosia_rice.png
4-corn.png,10-bounty_redo.png,10-bounty_redo.png,4-corn.png
43-mrporky_pork_crackles_redo.png,18-mms.png,18-mms.png,43-mrporky_pork_crackles_redo.png
7-olives.png,22-daim.png,22-daim.png,7-olives.png
4-corn.png,10-bounty_redo.png,10-bounty_redo.png,4-corn.png
36-fig_rolls.png,34-hula_hoops_bbq_beef_redo.png,36-fig_rolls.png,34-hula_hoops_bbq_beef_redo.png
40-sardines.png,5-pineapple.png,5-pineapple.png,40-sardines.png
21-nakd_banana_crunch.png,1-treacle_cookies.png,1-treacle_cookies.png,21-nakd_banana_crunch.png
50-polo.png,48-twix.png,48-twix.png,50-polo.png
6-sour_patch_kids.png,38-maltesers.png,38-maltesers.png,6-sour_patch_kids.png
7-olives.png,22-daim.png,22-daim.png,7-olives.png
34-hula_hoops_bbq_beef_redo.png,36-fig_rolls.png,36-fig_rolls.png,34-hula_hoops_bbq_beef_redo.png
35-raisins.png,49-yorkie.png,49-yorkie.png,35-raisins.png
22-daim.png,7-olives.png,22-daim.png,7-olives.png
31-hobnobs.png,25-kitkat.png,31-hobnobs.png,25-kitkat.png
30-spaghetti_hoops.png,19-caramello_redo.png,19-caramello_redo.png,30-spaghetti_hoops.png
20-fruit_pastilles.png,2-steamed_puddings.png,2-steamed_puddings.png,20-fruit_pastilles.png
30-spaghetti_hoops.png,19-caramello_redo.png,19-caramello_redo.png,30-spaghetti_hoops.png
48-twix.png,50-polo.png,48-twix.png,50-polo.png
3-ellas_strawberries_apples.png,13-mccoys_steak_crisps.png,3-ellas_strawberries_apples.png,13-mccoys_steak_crisps.png
35-raisins.png,49-yorkie.png,49-yorkie.png,35-raisins.png
23-crunchie_redo.png,33-ambrosia_rice.png,23-crunchie_redo.png,33-ambrosia_rice.png
45-chewy_nougat_redo.png,41-peanuts_redo.png,45-chewy_nougat_redo.png,41-peanuts_redo.png
4-corn.png,10-bounty_redo.png,10-bounty_redo.png,4-corn.png
13-mccoys_steak_crisps.png,3-ellas_strawberries_apples.png,3-ellas_strawberries_apples.png,13-mccoys_steak_crisps.png
19-caramello_redo.png,30-spaghetti_hoops.png,19-caramello_redo.png,30-spaghetti_hoops.png
35-raisins.png,49-yorkie.png,49-yorkie.png,35-raisins.png
1-treacle_cookies.png,21-nakd_banana_crunch.png,1-treacle_cookies.png,21-nakd_banana_crunch.png
5-pineapple.png,40-sardines.png,5-pineapple.png,40-sardines.png
2-steamed_puddings.png,20-fruit_pastilles.png,2-steamed_puddings.png,20-fruit_pastilles.png
23-crunchie_redo.png,33-ambrosia_rice.png,23-crunchie_redo.png,33-ambrosia_rice.png
41-peanuts_redo.png,45-chewy_nougat_redo.png,45-chewy_nougat_redo.png,41-peanuts_redo.png
3-ellas_strawberries_apples.png,13-mccoys_steak_crisps.png,3-ellas_strawberries_apples.png,13-mccoys_steak_crisps.png
8-liquorice_catherine_wheels.png,17-jacobs_mini_cheddars_redo.png,17-jacobs_mini_cheddars_redo.png,8-liquorice_catherine_wheels.png
2-steamed_puddings.png,20-fruit_pastilles.png,2-steamed_puddings.png,20-fruit_pastilles.png
46-pistachios.png,29-beans.png,46-pistachios.png,29-beans.png
17-jacobs_mini_cheddars_redo.png,8-liquorice_catherine_wheels.png,17-jacobs_mini_cheddars_redo.png,8-liquorice_catherine_wheels.png
2-steamed_puddings.png,20-fruit_pastilles.png,2-steamed_puddings.png,20-fruit_pastilles.png
21-nakd_banana_crunch.png,1-treacle_cookies.png,1-treacle_cookies.png,21-nakd_banana_crunch.png
4-corn.png,10-bounty_redo.png,10-bounty_redo.png,4-corn.png
18-mms.png,43-mrporky_pork_crackles_redo.png,18-mms.png,43-mrporky_pork_crackles_redo.png
36-fig_rolls.png,34-hula_hoops_bbq_beef_redo.png,36-fig_rolls.png,34-hula_hoops_bbq_beef_redo.png
25-kitkat.png,31-hobnobs.png,31-hobnobs.png,25-kitkat.png
2-steamed_puddings.png,20-fruit_pastilles.png,2-steamed_puddings.png,20-fruit_pastilles.png
38-maltesers.png,6-sour_patch_kids.png,38-maltesers.png,6-sour_patch_kids.png
44-crunch.png,26-walkers_smoky_bacon.png,44-crunch.png,26-walkers_smoky_bacon.png
8-liquorice_catherine_wheels.png,17-jacobs_mini_cheddars_redo.png,17-jacobs_mini_cheddars_redo.png,8-liquorice_catherine_wheels.png
44-crunch.png,26-walkers_smoky_bacon.png,44-crunch.png,26-walkers_smoky_bacon.png
34-hula_hoops_bbq_beef_redo.png,36-fig_rolls.png,36-fig_rolls.png,34-hula_hoops_bbq_beef_redo.png
42-mrkipling_lemon_slices.png,16-skips_prawn.png,42-mrkipling_lemon_slices.png,16-skips_prawn.png
